社会,92
主义,83
发展,73
中国,53
社会主义,48
资本,39
经济,38
生产,30
国家,30
革命,29
建设,27
人民,26
历史,25
民主,24
价值,22
统一,22
我国,22
世界,22
坚持,19
实践,19
重要,18
制度,18
政治,17
国际,17
民族,17
体系,16
文化,16
法律,15
人类,15
关系,14
物质,14
提高,14
不同,14
治理,14
劳动,13
自然,13
实现,13
中华,13
领导,13
具有,13
促进,13
维护,13
主体,13
全面,12
基础,12
全球,11
科学,11
自我,11
合作,11
环境,11
群众,11
资本主义,11
理论,10
传统,10
改革,10
教育,10
文明,10
变化,10
完善,10
马克思主义,10
道德,10
作用,10
市场,10
发挥,10
权利,10
阶级,10
共同,10
和平,10
推进,10
力量,9
基本,9
需要,9
能力,9
开放,9
生态,9
有机,9
安全,9
思想,9
过程,9
存在,9
深刻,9
优势,9
利益,9
客观,8
多样,8
决定,8
水平,8
尊重,8
保护,8
成为,8
结构,8
责任,8
提供,8
原则,8
空间,8
规律,8
地位,8
现代化,8
相互,8
事物,7
技术,7
战略,7
封建,7
服务,7
影响,7
个人,7
人才,7
特色,7
时代,7
认识,7
系统,7
探索,7
推动,7
地区,7
组织,7
阶段,7
活动,7
根本,7
多样性,7
生产力,7
要素,7
最大,7
完整,6
中华民族,6
客体,6
不断,6
之间,6
构建,6
竞争,6
团结,6
商品,6
政党,6
矛盾,6
问题,6
着力,6
作为,6
法治,6
一个,6
精神,6
中央,6
企业,6
创新,6
守法,6
重视,6
性质,6
现实,6
条件,6
程度,6
保障,6
结合,6
美德,6
爱国,6
把握,6
增强,6
科技,6
运动,6
任务,6
实行,5
确立,5
创造,5
和谐,5
认同,5
直接,5
资本家,5
加强,5
道路,5
取得,5
意识,5
区域,5
工人,5
尺度,5
独立,5
依法,5
手段,5
能够,5
比较,5
动力,5
共产党,5
治国,5
进程,5
引领,5
生产关系,5
进行,5
更加,5
方式,5
参与,5
国内,5
爱国主义,5
核心,5
不可,5
必须,5
稳定,5
义务,5
进一步,5
评价,5
优秀,5
各种,5
香港,5
长期,5
属性,4
选择,4
开始,4
传统美德,4
提升,4
构成,4
资料,4
支撑,4
改革开放,4
农业,4
及其,4
特征,4
脱贫,4
控制,4
巩固,4
大势,4
相对,4
增进,4
教育法,4
进步,4
一切,4
提出,4
事业,4
意志,4
所有制,4
联系,4
中国共产党,4
行使,4
具体,4
本性,4
建立,4
探测,4
先进,4
规模,4
发生,4
形态,4
满足,4
经济体,4
要求,4
方针,4
风险,4
无产阶级,4
正在,4
贡献,4
没有,4
实际,4
可以,4
深入,4
方向,4
统治,4
重大,4
供给,4
特别,4
支持,4
交流,4
中日,4
优化,4
反映,4
持续,4
工作,4
平衡,4
形成,4
质量,4
可能,4
人们,4
民主革命,4
生活,4
标志,3
争取,3
保证,3
高度,3
胜利,3
加快,3
程序,3
我们,3
体制,3
重点,3
解决,3
追求,3
自主,3
方面,3
一致,3
生产资料,3
武装,3
法定,3
更为,3
范围,3
规律性,3
反对,3
贸易,3
拓展,3
领域,3
内涵,3
更高,3
危害,3
环境保护,3
中心,3
凝聚,3
市场经济,3
进入,3
注重,3
信念,3
形式,3
经验,3
主要,3
共同体,3
数字,3
格局,3
因素,3
差异,3
分配,3
台独,3
遵循,3
目的,3
出现,3
起来,3
价值观,3
依法治国,3
首次,3
强化,3
精准,3
公平,3
他人,3
未来,3
法律义务,3
广泛,3
状态,3
改变,3
各国,3
抗日,3
相结合,3
人类文明,3
必然,3
独特,3
人物,3
转移,3
生产方式,3
政权,3
农村,3
主权,3
作出,3
货币,3
伟大,3
冲突,3
循环,3
调整,3
总结,3
限度,3
势力,3
积极,3
殖民,3
中国化,3
正义,3
利用,3
深化,3
农民,3
土地,3
实施,3
生态环境,3
签署,3
繁荣,3
改善,3
制约,3
其他,3
新民主主义,3
共识,3
自然环境,3
封建社会,3
经营,3
底线,2
自治,2
动能,2
根本性,2
考核,2
挑战,2
行为,2
金融,2
强军,2
英国,2
真实,2
本质,2
军队,2
斗争,2
相互作用,2
自由化,2
互鉴,2
剥削,2
各类,2
原因,2
劳动者,2
筹款,2
整体,2
城市,2
前提,2
体现,2
公共,2
流动,2
半封建社会,2
不能,2
党内,2
不要,2
根本利益,2
法宝,2
社会公德,2
改造,2
高质量,2
同情,2
火星,2
反帝,2
正当,2
内地,2
高层次,2
共享,2
辛亥革命,2
继承,2
立法,2
不平衡性,2
方法,2
同样,2
竞争力,2
迫切,2
才能,2
传播,2
根源,2
行政区,2
民族团结,2
国家主权,2
军事,2
明确,2
有着,2
两制,2
一国,2
客观规律,2
复兴,2
全方位,2
生命,2
党的领导,2
包容,2
命运,2
共生,2
人脑,2
获得,2
内政,2
人口,2
封建统治,2
增加,2
生态系统,2
统筹,2
代表,2
绝对,2
强大,2
内容,2
纽带,2
实质,2
路径,2
防范,2
全民,2
教条,2
开发,2
防治,2
剩余价值,2
防止,2
实事求是,2
举措,2
推翻,2
价值尺度,2
中介,2
政府,2
配置,2
相通,2
模式,2
内在,2
了解,2
高水平,2
新型,2
助推,2
大局,2
显著,2
人与自然,2
产生,2
保持,2
互信,2
之物,2
港澳,2
丰富,2
分工,2
影响力,2
充分,2
两岸,2
政策,2
增长,2
化解,2
出发,2
主要矛盾,2
意义,2
状况,2
大规模,2
清王朝,2
物质性,2
态势,2
公司,2
东西,2
为生,2
投资,2
变成,2
一项,2
弘扬,2
合规律性,2
选择性,2
权威,2
总体,2
时间,2
引擎,2
资产阶级,2
经济社会,2
湿地,2
争取和平,2
品德,2
进展,2
成功,2
扶贫,2
工人阶级,2
机制,2
家庭,2
成果,2
序幕,2
产品,2
经济基础,2
自信,2
能动性,2
目标,2
彼此,2
打破,2
局面,2
真理,2
高低,2
宣言,2
确保,2
双方,2
更好,2
观念,2
九二,2
解放,2
大小,2
监管,2
大国,2
分歧,2
五四,2
新篇章,2
损害,2
个体,2
落实,2
第一,2
破坏,2
不以,2
同胞,2
强国,2
学习,2
开启,2
当代,2
标准,2
深度,2
权力,2
半殖民地,2
党和国家,2
结束,2
功能,2
目的性,2
高级,2
三者,2
坚定,2
宇宙,2
祖国,2
群众路线,2
严格,2
尚未,2
复杂性,2
造成,2
自然生态,2
新民主主义革命,2
粮于,2
历史性,2
重新,2
开创,2
一定,2
积极参与,2
主观,2
职业经理,2
相互尊重,2
一种,2
通过,2
信心,2
依赖于,2
普惠,2
同盟,2
注入,2
随着,2
劳动生产率,2
结构性,2
应对,2
反封建,2
产权制度,1
初级阶段,1
必要条件,1
所用,1
割裂,1
历程,1
地球,1
精神家园,1
势利,1
教条主义,1
激昂,1
总责,1
互惠,1
制造业,1
夺取,1
基石,1
各地,1
赢得,1
亚洲,1
动力源,1
片面性,1
着力点,1
企业家,1
迅速,1
武装起义,1
冒进,1
客观性,1
时期,1
言行,1
补充,1
振兴中华,1
优势产业,1
过渡性,1
二十周年,1
社会存在,1
路矿,1
最高,1
基层,1
共创,1
体悟,1
精神领袖,1
韧性,1
确认,1
共治,1
取代,1
忽视,1
加以,1
德治国,1
刺激,1
君主专制,1
人生价值,1
净化,1
因地制宜,1
支付,1
领导人,1
挖掘,1
产业链,1
世代,1
促统,1
党中央,1
设立,1
调解,1
完全,1
海上,1
宝贵,1
必然选择,1
五四运动,1
揭批,1
聚焦,1
抵御,1
知识型,1
四个,1
惩治,1
小康社会,1
战略决策,1
疏解,1
武器,1
情况,1
统一体,1
无法,1
学风,1
爱党,1
构筑,1
归根到底,1
个人利益,1
管理制度,1
闭关锁国,1
封锁,1
不愿,1
知识分子,1
因互鉴,1
之基,1
处于,1
亟待,1
返贫,1
台湾同胞,1
摆在,1
方法论,1
同志,1
原理,1
显著标志,1
大量,1
港湾,1
生机勃勃,1
博大精深,1
平台,1
职业道德,1
革命派,1
股权结构,1
香港特别行政区,1
城市布局,1
前途,1
扶助,1
拥有,1
思想路线,1
空间科学,1
在于,1
经过,1
救助,1
错误,1
逐利性,1
聚居,1
南海,1
动向,1
分布,1
多极化,1
遵纪守法,1
对于,1
带头,1
第二个,1
揭开,1
2019,1
密集,1
无论,1
争夺,1
协调,1
主动权,1
这个,1
突破,1
先进性,1
同时,1
湖泊,1
一体化,1
国民经济,1
全球卫星,1
转变,1
公益,1
进一步提高,1
通信,1
中国政府,1
盐税,1
展示,1
草原,1
迟滞,1
克服,1
科技事业,1
理解,1
合理,1
植根于,1
弱点,1
社会形态,1
放在,1
某些,1
找出,1
途径,1
富含,1
而应,1
河流,1
什么样,1
食利者,1
相辅相成,1
结果,1
剥夺,1
源自,1
自然界,1
未知,1
一方,1
现存,1
覆盖,1
得出,1
易于,1
搜寻,1
效应,1
机遇,1
为了,1
人民公社,1
划分,1
险要,1
诉求,1
协议,1
滋养,1
意涵,1
编辑,1
客观存在,1
全国,1
趋势,1
不断完善,1
缺失,1
贡献者,1
会员,1
恪守,1
仍然,1
互相促进,1
取决于,1
声音,1
理想信念,1
筹粮,1
价值链,1
交融,1
效能,1
执行,1
契合,1
公园,1
首都,1
长治久安,1
意愿,1
属于,1
矢志,1
系统阐述,1
加速,1
位置,1
基础性,1
个人努力,1
本币,1
自发,1
独立自主,1
明确提出,1
讲好,1
文件,1
个性,1
领土完整,1
口号,1
中国同盟会,1
相亲,1
宇宙观,1
同扶志,1
联俄,1
以往,1
外交,1
持久,1
依宪,1
反杜林论,1
自信心,1
差额,1
和平共处,1
创建,1
台湾当局,1
神话,1
期盼,1
实力,1
智慧,1
双边,1
外部,1
转型,1
试行,1
拒腐防变,1
批判,1
人民解放战争,1
一国两制,1
吸引外资,1
保卫,1
中流砥柱,1
工业化,1
建设者,1
勇气,1
演进,1
长期共存,1
板门店,1
周期率,1
动员,1
带动力,1
打碎,1
纪念,1
重心,1
满足需要,1
分析,1
心态,1
世界观,1
允许,1
差异性,1
攻坚,1
只有,1
演化,1
显示,1
所有者,1
过剩人口,1
国安,1
潮流,1
认清,1
所有权,1
之分,1
伦理道德,1
部门,1
合作社,1
联共,1
欧盟,1
变局,1
认为,1
熔铸,1
导航系统,1
地势,1
粤港澳,1
生存,1
荣誉,1
间接,1
同一,1
关键性,1
产业资本,1
潜在,1
展开,1
发展中国家,1
正当性,1
民族区域,1
意识形态,1
带来,1
容纳,1
践行,1
逐步,1
青少年,1
立体,1
农民战争,1
节点,1
政治路线,1
胜利果实,1
真正,1
进攻,1
执法,1
若干,1
一把手,1
乃至,1
立场,1
热点问题,1
或本,1
论证,1
平等,1
命题,1
发达,1
和平统一,1
巴黎和会,1
干涉,1
支持者,1
多边贸易,1
慈善事业,1
巴勒斯坦,1
样态,1
原始,1
私有制,1
海外,1
集中,1
安源,1
攻克,1
市场机制,1
新文化运动,1
测量,1
低层次,1
局部,1
弥补,1
代表性,1
赋予,1
遵守,1
适度,1
终身,1
诚意,1
商业资本,1
友好,1
常态,1
整个,1
企图,1
约束,1
红军,1
取得成功,1
绝不,1
中继,1
民意基础,1
注意,1
强调,1
优劣,1
丧失,1
有时,1
探测器,1
筑牢,1
拉紧,1
薄弱,1
大力发展,1
划定,1
甚至,1
管党,1
二重性,1
智感,1
土地革命,1
惩恶扬善,1
成员国,1
归根结底,1
共同富裕,1
继续,1
异己,1
生命线,1
互换,1
源头,1
规范,1
推行,1
担当,1
粮于技,1
野蛮,1
意味着,1
岛内,1
战胜,1
增值,1
扶智,1
余粮收集,1
服从,1
反抗,1
赎买,1
各级,1
资本有机,1
奥秘,1
广大,1
超过,1
力量对比,1
夜郎自大,1
反中乱,1
宪法,1
成分,1
民主党派,1
勇于,1
抗战,1
超大规模,1
规模性,1
突围,1
由此,1
中断,1
故事,1
范式,1
责任制,1
养成,1
事件,1
防线,1
窗口,1
督察,1
选举,1
时代精神,1
结论,1
共和国,1
管用,1
开端,1
勾连,1
彼此之间,1
安宁,1
压力,1
接班人,1
寄托,1
松绑,1
经营权,1
高度自治权,1
原本,1
货币资本,1
重要性,1
本身,1
航天事业,1
助力,1
必然性,1
共赢,1
各方,1
暴露,1
建成,1
承继,1
防控,1
包括,1
保守,1
发现,1
阐释,1
应当,1
夯实,1
国营经济,1
资源,1
培训,1
答案,1
所谓,1
公民,1
明显,1
租借,1
可能性,1
挑衅,1
科学技术,1
履行,1
释放,1
百花齐放,1
军事优势,1
各族人民,1
根本任务,1
手足,1
保护地,1
弱小,1
司法,1
温饱,1
如水,1
物质基础,1
人民军队,1
毛泽东,1
欧洲,1
旗帜鲜明,1
社会意识,1
永葆青春,1
各自,1
第三个,1
取长补短,1
共产主义者,1
参与者,1
匡扶,1
执政,1
持续性,1
个体劳动,1
打仗,1
自豪感,1
展现,1
连成一片,1
努力争取,1
更替,1
往往,1
私人,1
自身,1
首要地位,1
国民党,1
三三制,1
垫付,1
开展,1
京津冀,1
拨乱反正,1
两个,1
均衡,1
不可估量,1
全党,1
如何,1
商品交换,1
里程碑,1
成本,1
职业技能,1
促发展,1
描绘,1
高起点,1
区别,1
活动家,1
工业体系,1
解释,1
形势,1
创造者,1
宏伟,1
南南合作,1
我军,1
有利于,1
洞察,1
迫切要求,1
长期存在,1
综合国力,1
干部,1
北京,1
遏制,1
需求,1
驱动,1
担负,1
机关,1
控制者,1
原则性,1
互整,1
开发新,1
不外是,1
软着陆,1
协定,1
环保,1
党要,1
标志性,1
本国,1
运用,1
依托,1
当时,1
中东地区,1
按劳分配,1
双循环,1
携手,1
农村土地,1
困难,1
取消,1
自己,1
市场化,1
行列,1
革新,1
意蕴,1
突出,1
互相监督,1
推进改革,1
认知,1
民心,1
请示报告,1
国家机器,1
工作人员,1
主客体,1
污染,1
首先,1
并存,1
国有资本,1
敌对,1
能量,1
配套,1
特点,1
正确,1
帝国主义,1
束缚,1
商品资本,1
幸福,1
错综复杂,1
罢工,1
共有,1
转向,1
单边制裁,1
架构,1
价值量,1
日益增长,1
红线,1
大湾,1
整体利益,1
承认,1
团结互助,1
信息技术,1
限制,1
所费,1
守望相助,1
新一轮,1
全体,1
已知,1
史上,1
全心全意,1
美国,1
接受,1
银行,1
塑造,1
不断深入,1
情感,1
发言权,1
组成部分,1
奉献,1
后盾,1
福祉,1
高地,1
暴力手段,1
渗透,1
党政,1
认识水平,1
对外开放,1
革命战争,1
实质性,1
阶段性,1
统一性,1
培育,1
态度,1
美好世界,1
神圣,1
率先,1
凸显,1
美丽,1
提振,1
农工,1
之策,1
生产经营者,1
高素质,1
掌握,1
交通运输业,1
考核制度,1
复苏,1
一致性,1
自然遗产,1
追究,1
融合,1
普遍性,1
全球化,1
坚强,1
疑欧,1
铸牢,1
效果,1
地域,1
转化,1
稳定性,1
第一次,1
难民潮,1
主张,1
客观事物,1
因时制宜,1
部队,1
战斗性,1
协商,1
国际竞争,1
不可分割,1
掠夺,1
冲击,1
势力范围,1
活力,1
独特性,1
左翼,1
向上,1
调查,1
经济布局,1
跳出,1
公平正义,1
基因,1
国际威望,1
正是,1
表现,1
一道,1
援助,1
服务型,1
失败,1
相对来说,1
单个,1
祖国统一,1
自然地理,1
医疗,1
起源,1
列强,1
三民主义,1
朝鲜半岛,1
统治者,1
性格,1
数量,1
而已,1
长期以来,1
破冰,1
共性,1
独立性,1
邓小平,1
计量,1
局限性,1
引导,1
调动,1
政治性,1
民法,1
道德观,1
一成不变,1
自我完善,1
设定,1
谋求,1
发挥作用,1
规则,1
承包,1
领导集体,1
社会分工,1
链条,1
联合作战,1
受到,1
管控,1
敌人,1
跨越,1
畅通无阻,1
万元,1
空间结构,1
三大,1
大家庭,1
法人,1
兴国,1
中新,1
最后,1
演变,1
行星,1
各项,1
守住,1
多种,1
在实践中,1
正反两方,1
贫困地区,1
战略性,1
就业,1
怎样,1
胸怀大局,1
生物,1
恶劣,1
创新能力,1
革命斗争,1
细节,1
君主立宪制,1
整顿,1
首要条件,1
休养生息,1
准备,1
入法,1
基本法,1
公序良,1
外国,1
只是,1
百家争鸣,1
组织路线,1
以前,1
沿线,1
顽强,1
迎难而上,1
立国,1
森林,1
一致同意,1
充分发挥,1
延续,1
相互促进,1
激荡,1
必要性,1
国际经济组织,1
最大公约数,1
金砖,1
价格,1
竞相,1
德意志,1
打造,1
纯洁性,1
系统集成,1
骨干,1
时代性,1
放松,1
阻挠,1
政权机构,1
主观主义,1
理论课,1
传承,1
月球,1
逐渐,1
气候变化,1
党的建设,1
移入,1
培养,1
息票,1
地点,1
面临,1
历史进程,1
始终,1
从前,1
声明,1
22,1
依法办事,1
全面实施,1
亚太地区,1
百年,1
成效,1
数据,1
积极因素,1
少数民族,1
从严治党,1
基本特征,1
遭遇,1
中共中央,1
侵占,1
关税,1
新思路,1
源于,1
共同利益,1
依靠,1
集聚,1
天下,1
精气神,1
自我调节,1
易守难,1
追逐,1
一般,1
卓越,1
