社会,169
主义,144
发展,125
中国,79
社会主义,73
资本,68
经济,66
国家,55
生产,43
人民,42
民主,41
价值,41
历史,41
革命,41
我国,38
世界,38
建设,38
制度,36
坚持,33
实现,32
国际,32
民族,30
政治,29
文化,29
自然,28
阶级,28
关系,27
统一,27
人类,27
劳动,26
主体,26
全面,25
物质,24
实践,24
重要,23
资本主义,23
体系,22
具有,22
市场,22
改革,21
科学,21
法律,21
事物,20
规律,20
推进,20
全球,19
封建,19
马克思,19
决定,19
环境,19
基础,19
共同,19
理论,18
矛盾,18
马克思主义,18
合作,18
存在,18
治理,18
教育,17
领导,17
提高,17
根本,17
思想,17
维护,17
力量,16
基本,16
中华,16
意识,16
创新,16
作用,16
安全,16
促进,16
不同,16
地位,16
客观,15
文明,15
自我,15
活动,15
过程,15
所有,14
变化,14
法治,14
结合,14
发挥,14
群众,14
实行,13
传统,13
个人,13
认同,13
完善,13
认识,13
系统,13
因素,13
水平,13
道德,13
优势,13
现代化,13
能力,12
技术,12
商品,12
开放,12
企业,12
生态,12
成为,12
治国,12
结构,12
农村,12
任务,12
创造,11
影响,11
政党,11
问题,11
多样,11
加强,11
时代,11
一个,11
战争,11
依法,11
推动,11
有机,11
性质,11
无产阶级,11
权利,11
工作,11
和平,11
利益,11
确立,10
需要,10
不断,10
战略,10
之间,10
竞争,10
一切,10
提出,10
所有制,10
建立,10
工人,10
保护,10
组织,10
条件,10
阶段,10
已经,10
方式,10
责任,10
宣言,10
原则,10
多样性,10
评价,10
深刻,10
形成,10
完整,9
构建,9
理想,9
人才,9
作为,9
特色,9
联系,9
尊重,9
探索,9
手段,9
能够,9
改变,9
更加,9
没有,9
提供,9
空间,9
稳定,9
义务,9
增强,9
各种,9
土地,9
要素,9
相互,9
产业,9
生活,9
开始,8
加快,8
体制,8
团结,8
农业,8
武装,8
方法,8
反对,8
直接,8
资本家,8
民主主义,8
意志,8
精神,8
地区,8
程度,8
相结合,8
共产党,8
进行,8
解放,8
统治,8
国内,8
进一步,8
深化,8
科技,8
生产力,8
主观,8
中华民族,7
行为,7
客体,7
斗争,7
城市,7
服务,7
和谐,7
国共,7
控制,7
取得,7
信念,7
主要,7
区域,7
两岸,7
能动,7
依法治国,7
独立,7
守法,7
重视,7
形态,7
方针,7
资产阶级,7
动力,7
保障,7
机制,7
参与,7
美德,7
冲突,7
核心,7
把握,7
正义,7
利用,7
农民,7
新民主主义,7
运动,7
最大,7
香港,7
取代,6
完全,6
资料,6
军事,6
贸易,6
巩固,6
增进,6
道路,6
代表,6
进步,6
着力,6
经验,6
全民,6
政府,6
新型,6
中央,6
尺度,6
先进,6
发生,6
满足,6
现实,6
经济体,6
要求,6
时间,6
抗日,6
贡献,6
实际,6
转移,6
可以,6
深入,6
方向,6
美国,6
供给,6
支持,6
交流,6
标准,6
爱国,6
势力,6
优化,6
中国化,6
平衡,6
制约,6
其他,6
质量,6
自然环境,6
人们,6
民主革命,6
属性,5
金融,5
本质,5
军队,5
重点,5
构成,5
不要,5
共和,5
改革开放,5
生产资料,5
同样,5
特征,5
领域,5
中心,5
机构,5
市场经济,5
注重,5
形式,5
同一,5
分配,5
内在,5
中国共产党,5
起来,5
行使,5
具体,5
本性,5
政策,5
共同富裕,5
增长,5
强化,5
主要矛盾,5
公平,5
投资,5
未来,5
法律义务,5
根本任务,5
状态,5
普遍,5
风险,5
比较,5
执政,5
私人,5
进程,5
引领,5
家庭,5
生产关系,5
目标,5
有效,5
生产方式,5
政权,5
重大,5
爱国主义,5
分歧,5
循环,5
调整,5
强国,5
不可,5
总结,5
协商,5
必须,5
结束,5
坚定,5
反映,5
持续,5
优秀,5
新民主主义革命,5
实施,5
改善,5
台湾,5
长期,5
标志,4
选择,4
胜利,4
传统美德,4
剥削,4
对外,4
德治国,4
产业链,4
解决,4
体现,4
提升,4
公正,4
改造,4
自主,4
反帝,4
原理,4
内地,4
支撑,4
工业,4
一致,4
南海,4
转变,4
监督,4
及其,4
范围,4
明确,4
脱贫,4
客观规律,4
现存,4
规律性,4
联合,4
更高,4
命运,4
大势,4
口号,4
相对,4
教育法,4
破解,4
增加,4
进入,4
共同体,4
部门,4
数字,4
导航系统,4
事业,4
主导,4
剩余价值,4
差异,4
推翻,4
台独,4
立场,4
平等,4
高水平,4
管理,4
工农,4
港澳,4
价值观,4
探测,4
各方,4
规模,4
意义,4
他人,4
广泛,4
总体,4
各国,4
如何,4
序幕,4
反封,4
正在,4
能动性,4
必然,4
复杂,4
人物,4
确保,4
正确,4
帝国主义,4
罢工,4
垄断,4
全体,4
货币,4
伟大,4
落实,4
掌握,4
特别,4
同胞,4
开启,4
中日,4
数量,4
积极,4
殖民,4
尚未,4
管控,4
万元,4
半封建,4
整顿,4
外国,4
生态环境,4
签署,4
繁荣,4
一种,4
可能,4
共识,4
封建社会,4
经营,4
自治,3
争取,3
根本性,3
保证,3
英国,3
20,3
高度,3
社会存在,3
自由化,3
程序,3
原因,3
劳动者,3
我们,3
整体,3
设立,3
共产主义,3
前提,3
卫星,3
半封建社会,3
不能,3
追求,3
高质量,3
同情,3
总是,3
方面,3
平台,3
立法,3
协调,3
突破,3
传播,3
法定,3
更为,3
社会形态,3
有着,3
复兴,3
布局,3
拓展,3
内涵,3
趋势,3
包容,3
危害,3
环境保护,3
扩大,3
自发,3
获得,3
凝聚,3
台湾当局,3
人口,3
外部,3
统筹,3
绝对,3
强大,3
内容,3
纪念,3
重心,3
分析,3
公有制,3
防范,3
健全,3
开发,3
利润,3
格局,3
实事求是,3
执法,3
价值尺度,3
调节,3
遵循,3
中介,3
配置,3
发达,3
模式,3
目的,3
人与自然,3
产生,3
保持,3
出现,3
整个,3
分工,3
影响力,3
充分,3
土地革命,3
规范,3
担当,3
封建主义,3
化解,3
广大,3
首次,3
使用,3
信息,3
精准,3
资源,3
状况,3
弘扬,3
司法,3
社会意识,3
引擎,3
经济社会,3
自身,3
国民党,3
两个,3
任何,3
消除,3
区别,3
需求,3
经济基础,3
人类文明,3
真理,3
独特,3
认知,3
转向,3
观念,3
主权,3
限制,3
只能,3
大国,3
福祉,3
作出,3
培育,3
融合,3
当代,3
限度,3
主张,3
权力,3
半殖民地,3
活力,3
公平正义,3
功能,3
共和制,3
贫困,3
规则,3
承包,3
严格,3
造成,3
落后,3
君主立宪制,3
完成,3
一定,3
价格,3
加大,3
相互尊重,3
通过,3
传承,3
始终,3
声明,3
同盟,3
从严治党,3
关税,3
结构性,3
应对,3
反封建,3
一般,3
底线,2
最终,2
商业,2
动能,2
僵局,2
考核,2
制造业,2
挑战,2
执政党,2
夺取,2
强军,2
武装起义,2
时期,2
补偿,2
真实,2
相互作用,2
共创,2
互鉴,2
各类,2
支付,2
领导人,2
财富,2
筹款,2
同步,2
力度,2
公共,2
流动,2
小康社会,2
武器,2
党内,2
根本利益,2
法宝,2
归根到底,2
社会公德,2
立足,2
不愿,2
条约,2
工农兵,2
鲜明,2
火星,2
正当,2
亟待,2
南方,2
主观性,2
彻底,2
高层次,2
宣传,2
共享,2
辛亥革命,2
继承,2
补短,2
不平衡性,2
前途,2
科学研究,2
拥有,2
思想路线,2
确定,2
错误,2
竞争力,2
揭开,2
迫切,2
争夺,2
才能,2
适应,2
一体化,2
国民经济,2
全球卫星,2
根源,2
行政区,2
民族团结,2
国家主权,2
合理,2
某些,2
途径,2
两制,2
一国,2
剥夺,2
未知,2
自然界,2
废除,2
过渡,2
全方位,2
效应,2
为了,2
协议,2
生命,2
客观存在,2
党的领导,2
全国,2
消化吸收,2
仍然,2
取决于,2
理想信念,2
自觉,2
长治久安,2
共生,2
人脑,2
基础性,2
明确提出,2
实体,2
乡村,2
外交,2
出来,2
模糊,2
揭示,2
创建,2
内政,2
封建统治,2
智慧,2
生态系统,2
人民解放战争,2
更强,2
工业化,2
成熟,2
勇气,2
板门店,2
动员,2
心态,2
纽带,2
差异性,2
演化,2
特性,2
实质,2
认清,2
创造条件,2
路径,2
之分,2
认为,2
粤港澳,2
教条,2
社保,2
展开,2
发展中国家,2
民族区域,2
防治,2
防止,2
政治路线,2
举措,2
人生,2
混淆,2
粮食安全,2
相通,2
命题,2
干涉,2
了解,2
认可,2
助推,2
原始,2
私有制,2
集中,2
大局,2
显著,2
低层次,2
私人资本,2
互信,2
西方,2
之物,2
丰富,2
常态,2
集体,2
注意,2
强调,2
丧失,2
解放思想,2
他们,2
反法西斯,2
出发,2
面向世界,2
超过,2
报酬,2
抗战,2
军阀,2
责任制,2
事件,2
商品生产者,2
自然规律,2
时代精神,2
开端,2
北南,2
吸引,2
建成,2
独自,2
国营经济,2
代表大会,2
大规模,2
清王朝,2
升级,2
物质性,2
集团,2
态势,2
公司,2
东西,2
为生,2
变成,2
一项,2
履行,2
合规律性,2
选择性,2
集成,2
起点,2
人民军队,2
权威,2
欧洲,2
决策,2
处理,2
抗日战争,2
往往,2
供应链,2
湿地,2
德国,2
开展,2
争取和平,2
品德,2
偶然,2
畅通,2
进展,2
各部,2
少数,2
成功,2
成本,2
扩张,2
扶贫,2
工人阶级,2
有利于,2
成果,2
北京,2
产品,2
自信,2
环保,2
本国,2
彼此,2
依托,2
当时,2
携手,2
民国,2
打破,2
借贷资本,2
局面,2
交换,2
民主协商,2
高低,2
首先,2
能量,2
双方,2
更好,2
商品资本,2
九二,2
大湾,2
信息技术,2
地理环境,2
南北对话,2
接受,2
发动,2
银行,2
大小,2
监管,2
情感,2
组成部分,2
高地,2
五四,2
认识水平,2
对外开放,2
新篇章,2
损害,2
神圣,2
个体,2
第一,2
十周年,2
破坏,2
不以,2
复苏,2
决定性,2
学习,2
产业结构,2
效果,2
城乡,2
地域,2
转化,2
稳定性,2
客观事物,2
深度,2
冲击,2
党和国家,2
武装斗争,2
基因,2
短板,2
援助,2
起源,2
民主专政,2
列强,2
目的性,2
高级,2
三者,2
政治立场,2
公正司法,2
宇宙,2
一成不变,2
祖国,2
业态,2
谋求,2
群众路线,2
受到,2
复杂性,2
专制制度,2
跨越,2
演变,2
自然生态,2
各项,2
人民解放军,2
多种,2
生物,2
粮于,2
成员,2
历史性,2
只是,2
重新,2
兴趣,2
以前,2
引进,2
开创,2
充分发挥,2
必要性,2
打造,2
积极参与,2
职业经理,2
信仰,2
地主,2
面临,2
信心,2
依赖于,2
普惠,2
注入,2
基本特征,2
随着,2
侵占,2
劳动生产率,2
天下,2
观点,1
进步性,1
产权制度,1
互助合作,1
初级阶段,1
必要条件,1
所用,1
割裂,1
流通手段,1
历程,1
地球,1
廓清,1
党外,1
谈判,1
联产承包,1
精神家园,1
外化,1
与非,1
势利,1
教条主义,1
正式,1
激昂,1
总责,1
互惠,1
议会,1
近年来,1
基石,1
各地,1
人力资本,1
赢得,1
飞跃,1
文明礼貌,1
亚洲,1
特定,1
动力源,1
安全意识,1
各项措施,1
片面性,1
着力点,1
农民阶级,1
迅速,1
企业家,1
等量,1
冒进,1
客观性,1
民族平等,1
技术落后,1
言行,1
补充,1
振兴中华,1
优势产业,1
关于,1
过渡性,1
二十周年,1
东方,1
分散,1
路矿,1
民间,1
侵略扩张,1
协会,1
最高,1
基层,1
体悟,1
精神领袖,1
韧性,1
确认,1
共治,1
忽视,1
21.5,1
加以,1
刺激,1
社会关系,1
前行,1
君主专制,1
人生价值,1
净化,1
因地制宜,1
人文,1
而成,1
挖掘,1
世代,1
议题,1
压倒性,1
耕地,1
促统,1
党中央,1
调解,1
均等,1
教派,1
更具,1
海上,1
宝贵,1
必然选择,1
根本宗旨,1
五四运动,1
揭批,1
聚焦,1
逆差,1
抵御,1
操纵,1
社会交往,1
唯一标准,1
单纯,1
知识型,1
四个,1
惩治,1
战略决策,1
疏解,1
封建制度,1
票决,1
占据,1
情况,1
有限,1
统一体,1
无法,1
学风,1
爱党,1
构筑,1
降低,1
个人利益,1
管理制度,1
五矿,1
外国人,1
闭关锁国,1
封锁,1
遇到,1
具体劳动,1
知识分子,1
因互鉴,1
研发,1
跨越式,1
同等,1
人工智能,1
之基,1
处于,1
顽固派,1
更优越,1
返贫,1
台湾同胞,1
有法可依,1
摆在,1
方法论,1
同志,1
显著标志,1
东盟国家,1
大量,1
全人类,1
港湾,1
生机勃勃,1
北洋军阀,1
博大精深,1
提到,1
发展趋势,1
职业道德,1
革命派,1
股权结构,1
城乡经济,1
配额,1
香港特别行政区,1
指导方针,1
角色,1
自留地,1
城市布局,1
扶助,1
空间科学,1
纪念活动,1
在于,1
偶然性,1
经过,1
救助,1
山东,1
逐利性,1
发达国家,1
聚居,1
放弃,1
动向,1
分布,1
时代化,1
多极化,1
冷战,1
制度化,1
传统节日,1
遵纪守法,1
对于,1
是非,1
人民大众,1
自然辩证法,1
西学,1
现状,1
孝老爱亲,1
带头,1
第二个,1
2019,1
采纳,1
密集,1
无论,1
主动权,1
这个,1
保障机制,1
相持,1
先进性,1
同时,1
湖泊,1
防御,1
顶层,1
公益,1
进一步提高,1
通信,1
高价,1
中国政府,1
盐税,1
展示,1
草原,1
迟滞,1
富余,1
克服,1
科技事业,1
理解,1
顺应,1
执法必严,1
植根于,1
弱点,1
整顿作风,1
放在,1
第三种,1
雇佣劳动,1
导弹,1
找出,1
富含,1
帝制,1
而应,1
河流,1
外交部长,1
价值规律,1
什么样,1
食利者,1
民主监督,1
相辅相成,1
结果,1
联想,1
源自,1
科学分析,1
民众,1
一方,1
覆盖,1
管理体制,1
得出,1
充当,1
易于,1
集中力量,1
搜寻,1
机遇,1
根据地,1
人民公社,1
大团结,1
关怀,1
划分,1
险要,1
诉求,1
滋养,1
意涵,1
编辑,1
区间,1
不断完善,1
缺失,1
左倾,1
贡献者,1
会员,1
恪守,1
互相促进,1
声音,1
筹粮,1
价值链,1
党风,1
衰落,1
效能,1
交融,1
没收,1
执行,1
契合,1
公园,1
首都,1
意愿,1
属于,1
低于,1
矢志,1
系统阐述,1
真理性,1
加速,1
位置,1
个人努力,1
本币,1
忧患意识,1
独立自主,1
使沙伊,1
文件,1
讲好,1
个性,1
推崇,1
根基,1
本领,1
扶危济困,1
领土完整,1
势头,1
脑力劳动,1
经济危机,1
政治协商,1
中国同盟会,1
相亲,1
结构调整,1
宇宙观,1
同扶志,1
联俄,1
以往,1
后期,1
持久,1
依宪,1
反杜林论,1
过境,1
自信心,1
差额,1
共产国际,1
和平共处,1
贸易战,1
归属感,1
有法必依,1
极其,1
神话,1
期盼,1
不再,1
种族,1
实力,1
触及,1
看成,1
双边,1
转型,1
试行,1
拒腐防变,1
库存,1
得到,1
概论,1
批判,1
违法必究,1
妥协性,1
一国两制,1
资本积累,1
障碍,1
吸引外资,1
保卫,1
中流砥柱,1
网结,1
笼子,1
包围,1
建设者,1
共同理想,1
演进,1
完备,1
长期共存,1
相同,1
重点难点,1
周期率,1
时机,1
带动力,1
进口,1
拒绝,1
打碎,1
旅游,1
满足需要,1
减少,1
世界观,1
允许,1
沿海,1
榨取,1
规定,1
攻坚,1
只有,1
再配,1
有意识,1
激发,1
讨论,1
话语权,1
体制改革,1
显示,1
监事会,1
所有者,1
一脉相承,1
过剩人口,1
国安,1
会议,1
潮流,1
所有权,1
伦理道德,1
合作社,1
联共,1
欧盟,1
体力劳动,1
变局,1
赞成,1
秩序,1
熔铸,1
大陆,1
地势,1
寻求,1
以和为贵,1
生存,1
特权,1
国民素质,1
荣誉,1
大体上,1
间接,1
关键性,1
产业资本,1
游戏规则,1
潜在,1
行动指南,1
学科建设,1
阻碍,1
正当性,1
意识形态,1
带来,1
容纳,1
践行,1
逐步,1
初步,1
受益者,1
青少年,1
立体,1
根本途径,1
农民战争,1
节点,1
胜利果实,1
真正,1
惊人,1
联盟,1
进攻,1
平均利润,1
董事长,1
若干,1
高端,1
一把手,1
乃至,1
全面实现,1
热点问题,1
或本,1
加征,1
论证,1
依法行政,1
有关,1
职责,1
自然资源,1
和平统一,1
巴黎和会,1
主产区,1
支持者,1
多边贸易,1
慈善事业,1
巴勒斯坦,1
样态,1
海外,1
自立自强,1
安源,1
倾向,1
读物,1
攻克,1
市场机制,1
新文化运动,1
测量,1
局部,1
弥补,1
第二步,1
代表性,1
对抗,1
赋予,1
遵守,1
适度,1
血缘,1
股份,1
终身,1
诚意,1
北斗,1
商业资本,1
友好,1
政府职能,1
适用,1
劳动报酬,1
手机,1
企图,1
团结合作,1
约束,1
红军,1
艰苦奋斗,1
取得成功,1
绝不,1
暗物质,1
中继,1
民意基础,1
优劣,1
夸大,1
有时,1
探测器,1
筑牢,1
杠杆,1
拉紧,1
可有可无,1
薄弱,1
大力发展,1
划定,1
资本输出,1
甚至,1
管党,1
使得,1
违约,1
事物本质,1
二重性,1
背景,1
智感,1
惩恶扬善,1
聚集,1
成员国,1
归根结底,1
双赢,1
继续,1
异己,1
君权神授,1
生命线,1
内战,1
互换,1
正义者,1
源头,1
打退,1
推行,1
干扰,1
包含,1
粮于技,1
野蛮,1
意味着,1
深化改革,1
岛内,1
战胜,1
增值,1
扶智,1
金融危机,1
余粮收集,1
服从,1
反抗,1
赎买,1
尊崇,1
各级,1
资本有机,1
新台阶,1
向前,1
结伴,1
奥秘,1
礼遇,1
乡镇企业,1
力量对比,1
总统,1
虚拟,1
鄂粤赣,1
入市,1
对华,1
宪法,1
反中乱,1
夜郎自大,1
成分,1
民主党派,1
勇于,1
制定,1
劳动力,1
动态平衡,1
维新派,1
财税,1
超大规模,1
规模性,1
突围,1
由此,1
中断,1
故事,1
范式,1
联合声明,1
总动员,1
宣布,1
养成,1
防线,1
窗口,1
金融市场,1
督察,1
垄断资本,1
选举,1
互联网,1
准则,1
结论,1
有利条件,1
共和国,1
最为,1
管用,1
勾连,1
增加出口,1
彼此之间,1
清除,1
安宁,1
压力,1
民主自由,1
接班人,1
民族意识,1
寄托,1
签订,1
土地改革,1
自力更生,1
松绑,1
经营权,1
天下大同,1
高度自治权,1
原本,1
货币资本,1
认同感,1
重要性,1
心理,1
本身,1
航天事业,1
助力,1
爱好,1
必然性,1
共赢,1
张学良,1
导向,1
深入人心,1
暴露,1
纳入,1
承继,1
创造性,1
防控,1
补齐,1
包括,1
保守,1
发现,1
阐释,1
应当,1
夯实,1
供需,1
上海,1
宗教信仰,1
收益,1
培训,1
答案,1
所谓,1
公民,1
统一战线,1
正义性,1
明显,1
租借,1
代替,1
涉外,1
激励,1
可能性,1
挑衅,1
科学技术,1
苏俄,1
决战,1
释放,1
百花齐放,1
军事优势,1
各族人民,1
割据,1
低价,1
科学实验,1
手足,1
地主阶级,1
现象,1
通报制度,1
宗派主义,1
迎合,1
保护地,1
弱小,1
温饱,1
如水,1
物质基础,1
毛泽东,1
爱护公物,1
旗帜鲜明,1
主导力量,1
构造,1
永葆青春,1
各自,1
第三个,1
取长补短,1
租界,1
远大理想,1
共产主义者,1
参与者,1
匡扶,1
持续性,1
个体劳动,1
打仗,1
自豪感,1
展现,1
连成一片,1
努力争取,1
恐怖主义,1
更替,1
不结盟,1
首要地位,1
三三制,1
垫付,1
批评,1
隐蔽,1
京津冀,1
产能,1
缺乏,1
拨乱反正,1
主导作用,1
均衡,1
开发利用,1
不可估量,1
一补,1
全党,1
提倡,1
商品交换,1
专门,1
里程碑,1
霸权,1
唯一性,1
职业技能,1
总和,1
促发展,1
一部分,1
得以,1
觉醒,1
描绘,1
高起点,1
严格执法,1
活动家,1
对象,1
蚕食,1
频繁,1
工业体系,1
解释,1
形势,1
创造者,1
人民政协,1
宏伟,1
一降,1
南南合作,1
我军,1
洞察,1
迫切要求,1
竞争性,1
宣传教育,1
长期存在,1
综合国力,1
干部,1
遏制,1
持股,1
指示,1
彻底性,1
驱动,1
担负,1
机关,1
控制者,1
原则性,1
用地,1
总量,1
互整,1
开发新,1
不外是,1
软着陆,1
协定,1
关心群众,1
分裂,1
超常,1
产物,1
党要,1
标志性,1
零的突破,1
运用,1
步骤,1
近代,1
交锋,1
伊朗核,1
按劳分配,1
中东地区,1
双循环,1
农村土地,1
门内,1
困难,1
三去,1
取消,1
自己,1
起着,1
市场化,1
职工,1
行列,1
邻国,1
革新,1
实际上,1
法制,1
杨虎城,1
太空站,1
意蕴,1
突出,1
互相监督,1
推进改革,1
论述,1
民心,1
请示报告,1
贮藏,1
日本,1
国家机器,1
工作人员,1
主客体,1
污染,1
壮大,1
统治阶级,1
效率,1
知行合一,1
京汉铁路,1
并存,1
国有资本,1
文风,1
敌对,1
市场主体,1
配套,1
特点,1
健康,1
商讨,1
束缚,1
一边倒,1
幸福,1
深入开展,1
错综复杂,1
股东大会,1
义务人,1
共有,1
单边制裁,1
架构,1
上层建筑,1
至关重要,1
价值量,1
税收,1
人伦,1
开滦,1
互利,1
日益增长,1
红线,1
整体利益,1
承认,1
团结互助,1
所费,1
守望相助,1
新一轮,1
获取,1
已知,1
开国,1
史上,1
全心全意,1
难题,1
廊道,1
至高无上,1
支配,1
助人为乐,1
塑造,1
不断深入,1
出版,1
经济波动,1
发言权,1
不利于,1
奉献,1
一批,1
严密,1
第二次,1
后盾,1
从事,1
暴力手段,1
渗透,1
党政,1
反侵略,1
动摇,1
经营性,1
革命战争,1
实质性,1
阶段性,1
一半,1
党八股,1
统一性,1
面貌,1
优良,1
态度,1
美好世界,1
率先,1
凸显,1
美丽,1
提振,1
农工,1
之策,1
生产经营者,1
高素质,1
网络,1
不移,1
交通运输业,1
20.5,1
考核制度,1
抽象劳动,1
耕种,1
挑起,1
一起,1
一致性,1
自然遗产,1
追究,1
普遍性,1
全球化,1
坚强,1
疑欧,1
铸牢,1
经历,1
新机制,1
设计,1
颠倒,1
事先,1
第一次,1
政协委员,1
难民潮,1
最终目标,1
弱项,1
失业率,1
种种,1
因时制宜,1
参政议政,1
出兵,1
部队,1
战斗性,1
使命,1
国际竞争,1
精品,1
不可分割,1
掠夺,1
统治集团,1
势力范围,1
独特性,1
左翼,1
向上,1
调查,1
经济布局,1
跳出,1
国际威望,1
疏导,1
正是,1
表现,1
一道,1
大众化,1
广泛传播,1
经济体制,1
服务型,1
失败,1
剥削制度,1
相对来说,1
单个,1
祖国统一,1
自然地理,1
医疗,1
优质,1
周边,1
三民主义,1
朝鲜半岛,1
统治者,1
性格,1
而已,1
长期以来,1
破冰,1
共性,1
独立性,1
邓小平,1
计量,1
局限性,1
引导,1
海员,1
调动,1
合乎,1
政治性,1
民法,1
大革命,1
道德观,1
家族,1
齐心协力,1
便利化,1
生产工具,1
自我完善,1
种粮,1
增量,1
上升,1
设定,1
发挥作用,1
领导集体,1
社会分工,1
链条,1
联合作战,1
敌人,1
畅通无阻,1
空间结构,1
三大,1
大家庭,1
法人,1
躬行实践,1
俄罗斯,1
兴国,1
中新,1
最后,1
创新性,1
隔离,1
行星,1
秋收起义,1
守住,1
普遍规律,1
比重,1
人口素质,1
在实践中,1
正反两方,1
贫困地区,1
战略性,1
测试,1
就业,1
怎样,1
胸怀大局,1
遗留,1
恶劣,1
本原,1
创新能力,1
革命斗争,1
细节,1
仁爱,1
首要条件,1
休养生息,1
人民代表,1
主导地位,1
当代史,1
准备,1
入法,1
基本法,1
淬炼,1
哲学,1
基本国情,1
公序良,1
循环往复,1
求同存异,1
客观实在,1
网上,1
享乐主义,1
百家争鸣,1
组织路线,1
带有,1
固有,1
沿线,1
顽强,1
迎难而上,1
定型,1
立国,1
任意,1
森林,1
边疆地区,1
一致同意,1
延续,1
相互促进,1
激荡,1
国际经济组织,1
最大公约数,1
迈上,1
金砖,1
竞相,1
德意志,1
交叉,1
纯洁性,1
计算出来,1
系统集成,1
决心,1
骨干,1
时代性,1
物质财富,1
行会,1
放松,1
阻挠,1
政权机构,1
全球性,1
主观主义,1
行为规范,1
理论课,1
月球,1
逐渐,1
重复,1
气候变化,1
党的建设,1
移入,1
培养,1
息票,1
地点,1
历史进程,1
从前,1
精兵简政,1
实验室,1
等价物,1
越强,1
22,1
依法办事,1
全面实施,1
亚太地区,1
见义勇为,1
百年,1
成效,1
数据,1
积极因素,1
关进,1
少数民族,1
北伐战争,1
产学研,1
相似性,1
遭遇,1
全球战略,1
变动,1
中共中央,1
命脉,1
游客,1
规格,1
新思路,1
活跃分子,1
源于,1
共同利益,1
依靠,1
集聚,1
精气神,1
自我调节,1
易守难,1
追逐,1
高速,1
卓越,1
宣战,1
