习近平新时代中国特色社会主义思想是推进理论创新的光辉典范。新时代谱写马克思主义中国化时代化新篇章，要坚守理论创新的基础和前提，坚守好理论创新的“魂”和“根”。中国化时代化的马克思主义的“魂脉”和“根脉”是,单选,马克思主义和中华优秀传统文化共产主义社会理想和“天下大同”理想全人类共同价值和社会主义核心价值观共产主义远大理想和中国特色社会主义共同理想,马克思主义和中华优秀传统文化,共产主义社会理想和“天下大同”理想,全人类共同价值和社会主义核心价值观,共产主义远大理想和中国特色社会主义共同理想,A,马克思主义和中华优秀传统文化,2024,
"一个地方的气候主要取决于纬度、海陆位置、地形，以及大气环流和洋流等因素。纬度、海陆位置、地形等因素在一定时期内基本保持不变，大气环流与洋流二者相互作用就形成相对稳定的气候状态，但当其中一个因素突然“掉链子”,就会发生厄尔尼诺之类的异常现象。厄尔尼诺现象不仅推高全球变暖幅度，更可能导致频次更多、范围更广、强度更大的极端天气，进而影响全球气候。厄尔尼诺现象对全球气候的影响表明，偶然因素是",单选,决定事物发展趋势的根本性因素事物发展中可有可无的影响因素事物发展中不可忽视的影响因素事物发展过程中确定不移的因素,决定事物发展趋势的根本性因素,事物发展中可有可无的影响因素,事物发展中不可忽视的影响因素,事物发展过程中确定不移的因素,C,事物发展中不可忽视的影响因素,2024,
"除了几十颗卫星编织的“天上一张网”,还有地基增强系统构成的“地上一张网”,北斗卫星导航系统开启了高精度定位技术进步的“加速度”。有了“天上一张网”,为什么还要再建“地上一张网”?传统的卫星导航系统能提供的精度仅为5～10米，而北斗卫星导航系统可以实现提供实时米级、分米级、厘米级的更高精度的定位服务。从农林牧渔到吃穿住行，随着北斗卫星导航芯片或模块越来越多嵌入生产生活，每一个人都愈发清晰地感知到北斗的力量。北斗卫星导航系统在发展中应用、在应用中发展表明，技术进步的根本动力是",单选,科学研究的规范实践主体的意志认识主体的兴趣社会实践的需要,科学研究的规范,实践主体的意志,认识主体的兴趣,社会实践的需要,D,社会实践的需要,2024,
"列宁在谈到未来社会时写道，“生产力将以什么样的速度向前发展，将以什么样的速度发展到打破分工、消灭脑力劳动和体力劳动的对立、把劳动变为‘生活的第一需要’,这都是我们所不知道而且也不可能知道的”,“我们只能谈国家消亡的必然性，同时着重指出这个过程是长期的，指出它的长短将取决于共产主义高级阶段的发展速度，而把消灭的日期或消亡的具体形式作为悬案，因为现在还没有可供解决这些问题的材料”。这表明，列宁在展望未来社会时",单选,揭示了社会历史发展的各项措施、方式、方法认为不存在适用于各种社会形态发展的普遍规律没有提出未来社会发展的方向、原则和基本特征不对历史发展的各种细节作具体描绘,揭示了社会历史发展的各项措施、方式、方法,认为不存在适用于各种社会形态发展的普遍规律,没有提出未来社会发展的方向、原则和基本特征,不对历史发展的各种细节作具体描绘,D,不对历史发展的各种细节作具体描绘,2024,
随着我国生产资料私有制社会主义改造的基本完成，国内的社会矛盾和阶级关系发生重大变化。在此背景下，毛泽东在1957年2月作《关于正确处理人民内部矛盾的问题》的报告，明确提出把正确处理人民内部矛盾作为我国政治生活的主题，其根本着眼点是,单选,调动一切积极因素为社会主义建设服务扩大社会主义民主，健全社会主义法制维护社会稳定，实现长治久安消除社会矛盾，实现民族大团结,调动一切积极因素为社会主义建设服务,扩大社会主义民主，健全社会主义法制,维护社会稳定，实现长治久安,消除社会矛盾，实现民族大团结,A,调动一切积极因素为社会主义建设服务,2024,
习近平总书记指出：“实践发展永无止境，解放思想永无止境，改革开放也永无止境，改革开放只有进行时、没有完成时。”新时代坚持和发展中国特色社会主义，根本动力仍然是全面深化改革开放。改革开放的鲜明特征和首要任务是,单选,解放和发展社会生产力形成更加成熟更加定型的制度处理好政府和市场的关系促进社会公平正义、增进人民福祉,解放和发展社会生产力,形成更加成熟更加定型的制度,处理好政府和市场的关系,促进社会公平正义、增进人民福祉,A,解放和发展社会生产力,2024,
社会治理是国家治理的重要领域，关系国家长治久安、社会安定有序、人民安居乐业。20世纪60年代浙江枫桥干部群众创造了依靠群众就地化解矛盾的“枫桥经验”。2024年是毛泽东同志批示学习推广“枫桥经验”60周年，也是习近平总书记指示坚持和发展“枫桥经验”20周年。11月6日，习近平总书记在会见全国“枫桥式工作法”入选单位代表时，再次强调要坚持和发展好新时代“枫桥经验”。新时代“枫桥经验”最突出的特点是,单选,加强社会治理的顶层设计最大限度把矛盾风险防范化解在基层把人文关怀和心理疏导有机结合起来有效发挥政府的主导作用,加强社会治理的顶层设计,最大限度把矛盾风险防范化解在基层,把人文关怀和心理疏导有机结合起来,有效发挥政府的主导作用,B,最大限度把矛盾风险防范化解在基层,2024,
我国是一个有14亿多人口的大国，无论社会现代化程度有多高，解决好吃饭问题，始终是治国理政的头等大事。保障我国粮食安全的关键在于,单选,健全种粮农民收益保障机制推进农业供给侧结构性改革落实藏粮于地、藏粮于技战略完善主产区利益补偿制度,健全种粮农民收益保障机制,推进农业供给侧结构性改革,落实藏粮于地、藏粮于技战略,完善主产区利益补偿制度,C,落实藏粮于地、藏粮于技战略,2024,
中国是全国各族人民共同缔造的统一的多民族国家。中国上下五千年的历史，就是一个统一的多民族国家形成和不断发展的历史。对中华民族形成起决定作用的是,单选,对种族和血缘的认同对中华民族共同体的认同对宗教信仰的认同对共同生活地域的认同,对种族和血缘的认同,对中华民族共同体的认同,对宗教信仰的认同,对共同生活地域的认同,B,对中华民族共同体的认同,2024,
鸦片战争前的中国社会是封建社会。鸦片战争以后，独立的中国逐步变成半殖民地的中国，封建的中国逐步变成半封建的中国。所谓“半封建”是指,单选,封建经济占整个经济的一半中国出现了资本主义生产关系中国丧失完全独立的地位封建剥削制度的根基彻底动摇,封建经济占整个经济的一半,中国出现了资本主义生产关系,中国丧失完全独立的地位,封建剥削制度的根基彻底动摇,B,中国出现了资本主义生产关系,2024,
孙中山先生是伟大的民族英雄、伟大的爱国主义者、中国民主革命的伟大先驱。1894年11月，在檀香山召开的兴中会成立大会通过了由孙中山起草的《兴中会章程》。在章程中，孙中山提出了,单选,“振兴中华”的口号“建立民国”的口号“反帝反封”的口号“民主自由”的口号,“振兴中华”的口号,“建立民国”的口号,“反帝反封”的口号,“民主自由”的口号,A,“振兴中华”的口号,2024,
1937年7月7日，日本帝国主义发动了卢沟桥事变，企图以武力吞并全中国。卢沟桥事变的发生,单选,揭开了抗日战争的序幕成为中国人民抗日战争的起点标志着中国进入全民族抗战阶段标志着世界反法西斯同盟的正式建立,揭开了抗日战争的序幕,成为中国人民抗日战争的起点,标志着中国进入全民族抗战阶段,标志着世界反法西斯同盟的正式建立,C,标志着中国进入全民族抗战阶段,2024,
1948年，解放战争形势已经有了极大的进展，许多解放区已经连成一片，许多城市已经解放或者即将解放，人民解放军和人民解放战争的正规性程度大为提高，全国胜利已经在望。这种情况要求党迅速克服存在于党内和军队内的任何无纪律无政府状态，把一切必须和可能集中的权力集中于中央。为此，中共中央决定建立,单选,精兵简政制度请示报告制度民主协商制度党外通报制度,精兵简政制度,请示报告制度,民主协商制度,党外通报制度,B,请示报告制度,2024,
习近平总书记在党的二十大报告中深刻指出：“全面依法治国是国家治理的一场深刻革命，关系党执政兴国，关系人民幸福安康，关系党和国家长治久安。必须更好发挥法治固根本、稳预期、利长远的保障作用，在法治轨道上全面建设社会主义现代化国家。”全面依法治国，关键在于,单选,加快形成严密的法治监督体系坚持依法治国与以德治国相结合坚持党领导立法、保证执法、支持司法、带头守法深入开展法治宣传教育,加快形成严密的法治监督体系,坚持依法治国与以德治国相结合,坚持党领导立法、保证执法、支持司法、带头守法,深入开展法治宣传教育,C,坚持党领导立法、保证执法、支持司法、带头守法,2024,
党和国家历来重视基础研究工作。中共中央政治局2023年2月21日就加强基础研究进行第三次集体学习。中共中央总书记习近平在主持学习时强调，加强基础研究是实现高水平科技自立自强的迫切要求，是建设世界科技强国的必由之路。加强基础研究，归根到底要靠,单选,体制机制国际合作平台学科建设布局高水平人才,体制机制,国际合作平台,学科建设布局,高水平人才,D,高水平人才,2024,
"2023年9月18日至26日，第78届联合国大会高级别周在联合国总部进行。相比以往，本届联大将更多目光投向了“全球南方”,议程主要着眼于“全球南方”国家提出的需求，讨论气候变化、主权债务减免、如何帮助陷入困境的国家实现联合国在繁荣、健康、发展、教育、性别平等方面的发展目标。中国作为世界上最大的发展中国家，在本届联大期间出席多场会议，表达“全球南方”天然成员的诉求与主张。“全球南方”国家的声音更响亮，是本届联大的亮点。这表明",单选,全球南北对话的僵局已经破解“全球南方”国家在国际组织中的话语权和影响力占据了主导地位南方国家改变国际秩序游戏规则的议题成为了国际社会的普遍共识国际力量对比正在发生深刻变化，百年变局正在深入发展演进,全球南北对话的僵局已经破解,“全球南方”国家在国际组织中的话语权和影响力占据了主导地位,南方国家改变国际秩序游戏规则的议题成为了国际社会的普遍共识,国际力量对比正在发生深刻变化，百年变局正在深入发展演进,D,国际力量对比正在发生深刻变化，百年变局正在深入发展演进,2024,
随着新一代人工智能技术的发展，基于大模型的生成式人工智能(AIGC)在快速回答提问、创作代码、翻唱经典歌曲等方面取得了新的突破。但是，随着技术迭代，人工智能高效地应用于各行各业时，其带来的风险也不容忽视，比如人工智能生成近似原画的内容、构图，可能侵犯原创作者的知识产权；人工智能技术被恶意使用，可能用来从事制造虚假信息、诈骗等违法活动。守住法律和伦理底线，推动人工智能朝着科技向善的方向发展，关键还在于人们更智慧地使用人工智能工具。“更智慧地使用人工智能工具”意味着,多选,技术进步要以维护人民的根本利益为最高标准人类活动能够实现合目的性与合规律性的统一科技发展是由主观意志决定的客观物质活动成功的实践是真理尺度与价值尺度的统一,技术进步要以维护人民的根本利益为最高标准,人类活动能够实现合目的性与合规律性的统一,科技发展是由主观意志决定的客观物质活动,成功的实践是真理尺度与价值尺度的统一,ABD,技术进步要以维护人民的根本利益为最高标准人类活动能够实现合目的性与合规律性的统一成功的实践是真理尺度与价值尺度的统一,2024,
茶叶，采自天然；茶器，匠心独具；茶艺，彬彬有礼。饮茶品茶，陶冶性情；以茶会友，品味人生。从山间一片叶，到万家杯中茶，茶叶的生长与旅行，讲述着关于文明与生活的故事，沉淀着中华文明独特的价值理念。有人说“离开了茶文化，茶叶就仅仅只是一片叶子”。从“一片叶子”到“茶文化”表明,多选,观念的东西不外是移入人脑并经过人脑改造过的物质的东西而已世界上一切事物所具有的特定意义只是经验外化于对象的意义客体潜在的价值转化为现实的价值，依赖于实践基础上的主体创造客体的价值及价值大小，取决于客体的属性及满足主体需要的程度,观念的东西不外是移入人脑并经过人脑改造过的物质的东西而已,世界上一切事物所具有的特定意义只是经验外化于对象的意义,客体潜在的价值转化为现实的价值，依赖于实践基础上的主体创造,客体的价值及价值大小，取决于客体的属性及满足主体需要的程度,ACD,观念的东西不外是移入人脑并经过人脑改造过的物质的东西而已客体潜在的价值转化为现实的价值，依赖于实践基础上的主体创造客体的价值及价值大小，取决于客体的属性及满足主体需要的程度,2024,
习近平指出：“人类文明多样性是世界的基本特征，也是人类进步的源泉。世界上有200多个国家和地区、2500多个民族、多种宗教。不同历史和国情，不同民族和习俗，孕育了不同文明，使世界更加丰富多彩。”唯物史观关于社会形态的理论中，内在地包含着文明多样性的思想。下列关于人类文明多样性表述正确的有,多选,独特的生产方式和生活方式决定着文明发展的不同样态各种文明都具有独自的比其他文明更优越、更强大的文化基因每一种文明都代表着一方文化的独特性，是人类文明的重要组成部分每一种文明都是在与其他文明相隔离的状态下独自产生、发展和演变的,独特的生产方式和生活方式决定着文明发展的不同样态,各种文明都具有独自的比其他文明更优越、更强大的文化基因,每一种文明都代表着一方文化的独特性，是人类文明的重要组成部分,每一种文明都是在与其他文明相隔离的状态下独自产生、发展和演变的,AC,独特的生产方式和生活方式决定着文明发展的不同样态每一种文明都代表着一方文化的独特性，是人类文明的重要组成部分,2024,
商品经济是社会经济发展到一定阶段的产物。在资本主义社会之前的发展阶段，商品经济只是一种简单商品经济，这一阶段商品经济发展的基础是,多选,生产资料公有制个体劳动生产资料私有制雇佣劳动,生产资料公有制,个体劳动,生产资料私有制,雇佣劳动,BC,个体劳动生产资料私有制,2024,
习近平指出：“经济全球化是社会生产力发展的客观要求和科技进步的必然结果，不是哪些人、哪些国家人为制造出来的。经济全球化为世界经济增长提供了强劲动力，促进了商品和资本流动、科技和文明进步、各国人民交往。”导致经济全球化迅猛发展的因素有,多选,信息技术革命打破了生产要素的地域限制，使整个世界生产连成一片国际分工和生产要素全球流动的比较优势，促进了产业链深度融合发达国家主导制定的贸易和竞争规则，使广大发展中国家成为主要受益者国际经济组织成员国对本国或本地区市场控制的放松，加快了贸易投资自由化,信息技术革命打破了生产要素的地域限制，使整个世界生产连成一片,国际分工和生产要素全球流动的比较优势，促进了产业链深度融合,发达国家主导制定的贸易和竞争规则，使广大发展中国家成为主要受益者,国际经济组织成员国对本国或本地区市场控制的放松，加快了贸易投资自由化,ABD,信息技术革命打破了生产要素的地域限制，使整个世界生产连成一片国际分工和生产要素全球流动的比较优势，促进了产业链深度融合国际经济组织成员国对本国或本地区市场控制的放松，加快了贸易投资自由化,2024,
毛泽东在谈到党对民主革命规律的认识时指出，从党的建立到抗日时期，我们经过了两次胜利两次失败。“在抗日时期，我们才制定了合乎情况的党的总路线和一整套具体政策。这时候，中国民主革命这个必然王国才被我们认识，我们才有了自由”。这表明,多选,党已完全掌握了新民主主义革命的发展规律马克思主义必须与中国革命具体实际相结合党对民主革命规律的认识必须有一个过程新民主主义革命理论是总结正反两方面经验形成的,党已完全掌握了新民主主义革命的发展规律,马克思主义必须与中国革命具体实际相结合,党对民主革命规律的认识必须有一个过程,新民主主义革命理论是总结正反两方面经验形成的,BCD,马克思主义必须与中国革命具体实际相结合党对民主革命规律的认识必须有一个过程新民主主义革命理论是总结正反两方面经验形成的,2024,
"今年以来，我国经济持续回升向好，高质量发展扎实推进，我国仍是全球增长最大引擎。据权威部门统计，前三季度我国国内生产总值同比增长5.2%;全国居民人均可支配收入同比实际增长5.9%;高技术产业投资增长11.4%。前10个月社会物流总额同比增长4.9%,物流需求恢复向好，行业提质升级加速。总体上看，我国经济长期向好的基本面没有变也不会变，因为我国具有",多选,超大规模市场的需求优势产业体系配套完整的供给优势社会主义市场经济的体制优势大量高素质劳动者和企业家的人才优势,超大规模市场的需求优势,产业体系配套完整的供给优势,社会主义市场经济的体制优势,大量高素质劳动者和企业家的人才优势,ABCD,超大规模市场的需求优势产业体系配套完整的供给优势社会主义市场经济的体制优势大量高素质劳动者和企业家的人才优势,2024,
2023年5月29日，习近平总书记在二十届中央政治局第五次集体学习时指出，当今时代，人才是第一资源，科技是第一生产力，创新是第一动力，要把建设教育强国、科技强国、人才强国有机结合起来，一体统筹推进，形成推动高质量发展的倍增效应。在全面建设社会主义现代化国家进程中，坚持教育、科技、人才一体推进是因为,多选,教育、科技、人才三者之间具有一致性和相互支撑性教育、科技、人才在综合国力竞争中的关键性地位更加凸显教育、科技、人才是全面建设社会主义现代化国家的基础性和战略性支撑把教育、科技、人才摆在经济社会发展重要位置是社会主义现代化建设的历史经验,教育、科技、人才三者之间具有一致性和相互支撑性,教育、科技、人才在综合国力竞争中的关键性地位更加凸显,教育、科技、人才是全面建设社会主义现代化国家的基础性和战略性支撑,把教育、科技、人才摆在经济社会发展重要位置是社会主义现代化建设的历史经验,ABCD,教育、科技、人才三者之间具有一致性和相互支撑性教育、科技、人才在综合国力竞争中的关键性地位更加凸显教育、科技、人才是全面建设社会主义现代化国家的基础性和战略性支撑把教育、科技、人才摆在经济社会发展重要位置是社会主义现代化建设的历史经验,2024,
"党的二十大以来，习近平总书记到不同省区市深入考察时，多次强调各地要立足自身实际牢牢把握在国家发展大局中的战略定位。比如，要求浙江“要在以科技创新塑造发展新优势上走在前列”强调内蒙古发展的重中之重是“做大做强国家重要能源基地”,指出黑龙江“要当好国家粮食安全‘压舱石’”,等等。习近平总书记的重要指示，为中国式现代化的地方实践提供了根本遵循。准确把握各地区在国家发展大局中的战略定位有利于",多选,发挥各地比较优势，塑造我国发展新优势优化区域经济布局，拓展我国发展动力源统筹发展和安全，掌握我国发展主动权同步实现共同富裕，推动我国发展迈上新台阶,发挥各地比较优势，塑造我国发展新优势,优化区域经济布局，拓展我国发展动力源,统筹发展和安全，掌握我国发展主动权,同步实现共同富裕，推动我国发展迈上新台阶,ABC,发挥各地比较优势，塑造我国发展新优势优化区域经济布局，拓展我国发展动力源统筹发展和安全，掌握我国发展主动权,2024,
"加快发展数字经济是我国建设现代化产业体系的重要内容。根据《中国互联网发展报告2023》,截至2022年底，中国数据产量和算力总规模均居世界第二。十年间，中国数字经济规模从11万亿元增长到50.2万亿元，占国内生产总值比重达到41.5%。数字经济的快速发展充分表明",多选,数据已成为新的生产要素数字经济正在成为新一轮国际竞争的重点领域数字经济已取代实体经济数字经济是稳增长促转型的重要引擎,数据已成为新的生产要素,数字经济正在成为新一轮国际竞争的重点领域,数字经济已取代实体经济,数字经济是稳增长促转型的重要引擎,ABD,数据已成为新的生产要素数字经济正在成为新一轮国际竞争的重点领域数字经济是稳增长促转型的重要引擎,2024,
1924年至1927年由国共两党合作发动的大革命，在中国大地上掀起了反帝反封建的伟大斗争，在中国革命史上写下了光荣的一页。与辛亥革命相比，大革命,多选,斗争的规模更加宏伟革命的社会内涵更为深刻斗争的形式更加隐蔽群众的动员程度更为广泛,斗争的规模更加宏伟,革命的社会内涵更为深刻,斗争的形式更加隐蔽,群众的动员程度更为广泛,ABD,斗争的规模更加宏伟革命的社会内涵更为深刻群众的动员程度更为广泛,2024,
社会主义改造基本完成以后，中国共产党面临如何进行社会主义建设的问题。毛泽东明确提出：“现在是社会主义革命和建设时期，我们要进行第二次结合，找出在中国怎样建设社会主义的道路。”1956年，以毛泽东同志为主要代表的中国共产党人提出了一系列关于社会主义建设的重要方针，其中包括,多选,在经济建设上实行“既反保守又反冒进”的方针在对外关系上实行“一边倒”的方针在科学文化工作中实行“百花齐放、百家争鸣”的方针在党与民主党派的关系上实行“长期共存、互相监督”的方针,在经济建设上实行“既反保守又反冒进”的方针,在对外关系上实行“一边倒”的方针,在科学文化工作中实行“百花齐放、百家争鸣”的方针,在党与民主党派的关系上实行“长期共存、互相监督”的方针,ACD,在经济建设上实行“既反保守又反冒进”的方针在科学文化工作中实行“百花齐放、百家争鸣”的方针在党与民主党派的关系上实行“长期共存、互相监督”的方针,2024,
1939年10月，毛泽东在《<共产党人〉发刊词》中，把党的建设称为“伟大工程”。2022年10月习近平总书记在党的二十大报告中指出，必须持之以恒推进全面从严治党，深入推进新时代党的建设新的伟大工程，以党的自我革命引领社会革命。下列关于党的自我革命的正确表述有,多选,勇于自我革命是中国共产党区别于其他政党的显著标志自我革命精神是党永葆青春活力的强大支撑所有政党都是在不断自我革命中淬炼而成的自我革命是我们党跳出历史周期率的第二个答案,勇于自我革命是中国共产党区别于其他政党的显著标志,自我革命精神是党永葆青春活力的强大支撑,所有政党都是在不断自我革命中淬炼而成的,自我革命是我们党跳出历史周期率的第二个答案,ABD,勇于自我革命是中国共产党区别于其他政党的显著标志自我革命精神是党永葆青春活力的强大支撑自我革命是我们党跳出历史周期率的第二个答案,2024,
中华传统美德蕴含着丰富的思想道德资源，对于我们今天的道德建设具有重要价值。习近平总书记指出：“要继承和弘扬我国人民在长期实践中培养和形成的传统美德，坚持马克思主义道德观、坚持社会主义道德观，在去粗取精、去伪存真的基础上，坚持古为今用、推陈出新，努力实现中华传统美德的创造性转化、创新性发展。”中华传统美德的“创造性转化、创新性发展”体现为,多选,对中华传统美德中具有当代价值的道德精神加以挖掘赋予中华传统美德新的时代内涵用中华传统美德滋养社会主义道德建设形成以中国传统文化为主体的道德体系,对中华传统美德中具有当代价值的道德精神加以挖掘,赋予中华传统美德新的时代内涵,用中华传统美德滋养社会主义道德建设,形成以中国传统文化为主体的道德体系,ABC,对中华传统美德中具有当代价值的道德精神加以挖掘赋予中华传统美德新的时代内涵用中华传统美德滋养社会主义道德建设,2024,
《中华人民共和国爱国主义教育法》由中华人民共和国第十四届全国人民代表大会常务委员会第六次会议于2023年10月24日通过，自2024年1月1日起施行。这是新时代加强爱国主义教育，传承和弘扬爱国主义精神，实现中华民族伟大复兴中国梦的必然要求。下列关于爱国主义教育法表述正确的有,多选,爱国主义教育法是社会主义核心价值观入法的具体体现爱国主义教育法有利于维护国家统一和民族团结爱国主义教育法是惩治危害国家安全、荣誉和利益行为的法律武器爱国主义教育法为加强新时代爱国主义教育提供了法治保障,爱国主义教育法是社会主义核心价值观入法的具体体现,爱国主义教育法有利于维护国家统一和民族团结,爱国主义教育法是惩治危害国家安全、荣誉和利益行为的法律武器,爱国主义教育法为加强新时代爱国主义教育提供了法治保障,ABCD,爱国主义教育法是社会主义核心价值观入法的具体体现爱国主义教育法有利于维护国家统一和民族团结爱国主义教育法是惩治危害国家安全、荣誉和利益行为的法律武器爱国主义教育法为加强新时代爱国主义教育提供了法治保障,2024,
2023年4月3日，学习贯彻习近平新时代中国特色社会主义思想主题教育工作会议在北京召开。会议强调，这次主题教育要牢牢把握“学思想、强党性、重实践、建新功”的总要求。要全面学习领会习近平新时代中国特色社会主义思想，全面系统掌握这一思想的基本观点、科学体系，把握好这一思想的世界观、方法论，坚持好、运用好贯穿其中的立场观点方法，不断增进对党的创新理论的,多选,政治认同思想认同理论认同情感认同,政治认同,思想认同,理论认同,情感认同,ABCD,政治认同思想认同理论认同情感认同,2024,
在中方支持下，2023年3月6日至10日，沙特阿拉伯与伊朗在北京举行对话。3月10日，中沙伊三方签署并发表联合声明，宣布沙伊双方同意恢复外交关系。这是党的二十大后中国外交的“大手笔”。中方推动沙伊握手言和的重要意义表现在,多选,创造了调解冲突的新范式，为其他地区热点问题的解决提供了新思路使沙伊矛盾得以最终解决助力中东地区实现和平、稳定与安全为国际社会注入和平合作的正能量,创造了调解冲突的新范式，为其他地区热点问题的解决提供了新思路,使沙伊矛盾得以最终解决,助力中东地区实现和平、稳定与安全,为国际社会注入和平合作的正能量,ACD,创造了调解冲突的新范式，为其他地区热点问题的解决提供了新思路助力中东地区实现和平、稳定与安全为国际社会注入和平合作的正能量,2024,
