社会,77
发展,52
资本,29
经济,28
中国,26
社会主义,25
国家,25
价值,19
实现,19
制度,18
阶级,18
民主,17
历史,16
我国,16
世界,16
人民,16
自然,15
国际,15
坚持,14
事物,13
劳动,13
关系,13
生产,13
全面,13
民族,13
文化,13
主体,13
革命,12
规律,12
封建,12
资本主义,12
市场,12
政治,12
矛盾,12
人类,12
意识,11
决定,11
改革,11
建设,11
物质,10
因素,10
已经,10
科学,10
创新,10
推进,10
根本,10
具有,9
存在,9
马克思,9
共同,9
农村,9
实行,8
环境,8
全球,8
思想,8
马克思主义,8
理论,8
法治,8
地位,8
所有,8
理想,8
结合,8
活动,8
认同,8
宣言,8
战争,8
力量,7
基本,7
无产阶级,7
安全,7
基础,7
客观,7
工作,7
教育,7
合作,7
作用,6
加强,6
依法,6
体系,6
一切,6
提出,6
认识,6
系统,6
改变,6
过程,6
法律,6
所有制,6
创造,6
方法,6
土地,6
商品,6
形成,6
主观,6
个人,6
企业,6
任务,6
建立,6
解放,6
产业,6
民主主义,5
行为,5
确立,5
斗争,5
加快,5
取代,5
体制,5
城市,5
完全,5
性质,5
技术,5
水平,5
资产阶级,5
评价,5
相结合,5
一个,5
武装,5
联系,5
实践,5
机制,5
深化,5
政党,5
方式,5
现代化,5
两岸,5
没有,5
问题,5
反对,5
能动,5
重要,5
工人,5
文明,5
美国,5
统一,5
生活,5
变化,4
破解,4
冲突,4
代表,4
开始,4
推动,4
信念,4
标准,4
时代,4
手段,4
能够,4
不断,4
协商,4
主要,4
之间,4
全民,4
根本任务,4
稳定,4
公正,4
义务,4
普遍,4
竞争,4
条件,4
时间,4
同一,4
主导,4
意志,4
成为,4
执政,4
共和,4
私人,4
维护,4
政府,4
农业,4
治理,4
结构,4
各种,4
利用,4
新型,4
影响,4
农民,4
工农,4
更加,4
领导,4
优势,4
军事,4
有效,4
新民主主义,4
自我,4
共同富裕,4
垄断,4
依法治国,4
统治,4
发挥,4
口号,3
分歧,3
机构,3
完整,3
金融,3
使用,3
主要矛盾,3
开放,3
本质,3
军队,3
掌握,3
生态,3
各方,3
作为,3
促进,3
强国,3
对外,3
德治国,3
产业链,3
群众,3
完善,3
能力,3
多样性,3
形态,3
经验,3
投资,3
公有制,3
部门,3
势力,3
战略,3
结束,3
共和制,3
导航系统,3
不要,3
构建,3
健全,3
组织,3
方针,3
进一步,3
数量,3
增强,3
坚定,3
抗日,3
利润,3
传统,3
原理,3
总是,3
阶段,3
中国化,3
立场,3
共产党,3
管控,3
万元,3
如何,3
平等,3
任何,3
落后,3
消除,3
内在,3
同样,3
南海,3
管理,3
新民主主义革命,3
家庭,3
整顿,3
完成,3
外国,3
进行,3
转变,3
监督,3
目标,3
制约,3
其他,3
加大,3
中华,3
台湾,3
现存,3
转移,3
政策,3
自然环境,3
贸易,3
联合,3
直接,3
正确,3
帝国主义,3
罢工,3
封建主义,3
增长,3
控制,3
道德,3
提高,3
全体,3
扩大,3
资本家,3
国内,3
只能,3
最终,2
报酬,2
乡村,2
独立,2
中心,2
军阀,2
僵局,2
福祉,2
强化,2
出来,2
生产资料,2
模糊,2
执政党,2
揭示,2
增进,2
商品生产者,2
自然规律,2
台湾当局,2
市场经济,2
培育,2
原则,2
增加,2
先进,2
补偿,2
人才,2
外部,2
供给,2
20,2
北南,2
取得,2
落实,2
循环,2
社会存在,2
进步,2
更强,2
保护,2
调整,2
独自,2
同胞,2
信息,2
支持,2
剥削,2
特色,2
决定性,2
成熟,2
意义,2
注重,2
核心,2
融合,2
开启,2
财富,2
纪念,2
发生,2
资源,2
重心,2
有机,2
代表大会,2
重点,2
分析,2
产业结构,2
交流,2
同步,2
升级,2
城乡,2
设立,2
力度,2
形式,2
共产主义,2
总结,2
集团,2
满足,2
主张,2
体现,2
卫星,2
创造条件,2
未来,2
法律义务,2
活力,2
公平正义,2
状态,2
武装斗争,2
不同,2
优化,2
短板,2
改造,2
社保,2
总体,2
民主专政,2
要求,2
社会意识,2
立足,2
条约,2
工农兵,2
处理,2
政治立场,2
贫困,2
反帝,2
公正司法,2
程度,2
南方,2
主观性,2
抗日战争,2
剩余价值,2
动力,2
自身,2
内地,2
分配,2
国民党,2
供应链,2
区域,2
彻底,2
德国,2
业态,2
偶然,2
两个,2
规则,2
宣传,2
承包,2
工业,2
平台,2
推翻,2
调节,2
尚未,2
混淆,2
粮食安全,2
发达,2
科学研究,2
扩张,2
人民解放军,2
确定,2
区别,2
高水平,2
认可,2
半封建,2
君主立宪制,2
协调,2
序幕,2
私人资本,2
适应,2
需求,2
突破,2
科技,2
西方,2
和谐,2
反封,2
兴趣,2
实施,2
平衡,2
港澳,2
起来,2
整个,2
精神,2
引进,2
能动性,2
责任,2
改善,2
价格,2
解放思想,2
贡献,2
社会形态,2
民国,2
明确,2
借贷资本,2
要素,2
一种,2
利益,2
他们,2
信仰,2
客观规律,2
传承,2
实际,2
认知,2
土地革命,2
地主,2
质量,2
废除,2
始终,2
可以,2
声明,2
国共,2
反法西斯,2
确保,2
参与,2
领域,2
规范,2
生产方式,2
香港,2
担当,2
人们,2
趋势,2
政权,2
转向,2
方向,2
从严治党,2
消化吸收,2
民主革命,2
自觉,2
探索,2
命运,2
限制,2
关税,2
地理环境,2
广大,2
面向世界,2
巩固,2
南北对话,2
发动,2
自发,2
一般,2
实体,2
推崇,1
观点,1
根基,1
本领,1
进步性,1
扶危济困,1
自治,1
情感,1
获得,1
势头,1
出版,1
脑力劳动,1
制定,1
劳动力,1
经济危机,1
使沙伊,1
动态平衡,1
维新派,1
经济波动,1
政治协商,1
商业,1
抗战,1
互助合作,1
财税,1
不利于,1
组成部分,1
标志,1
流通手段,1
结构调整,1
一批,1
廓清,1
党外,1
严密,1
谈判,1
联产承包,1
第二次,1
外化,1
与非,1
根本性,1
大国,1
后期,1
正式,1
属性,1
制造业,1
从事,1
过境,1
议会,1
高地,1
中华民族,1
共产国际,1
反侵略,1
联合声明,1
近年来,1
夺取,1
责任制,1
总动员,1
宣布,1
动摇,1
人力资本,1
美德,1
认识水平,1
事件,1
货币,1
贸易战,1
经营性,1
创建,1
金融市场,1
对外开放,1
垄断资本,1
归属感,1
文明礼貌,1
有法必依,1
飞跃,1
互联网,1
特定,1
极其,1
安全意识,1
有利条件,1
最为,1
时代精神,1
准则,1
各项措施,1
农民阶级,1
开端,1
依法行政,1
武装起义,1
党八股,1
道路,1
不再,1
等量,1
增加出口,1
种族,1
一半,1
民族平等,1
时期,1
技术落后,1
英国,1
面貌,1
清除,1
守法,1
伟大,1
民主自由,1
优良,1
智慧,1
触及,1
签订,1
看成,1
土地改革,1
民族意识,1
自力更生,1
神圣,1
库存,1
客体,1
得到,1
概论,1
吸引,1
东方,1
天下大同,1
绝对,1
人民解放战争,1
违法必究,1
网络,1
认同感,1
不移,1
强大,1
妥协性,1
自由化,1
心理,1
资本积累,1
分散,1
障碍,1
民间,1
十周年,1
20.5,1
内容,1
爱好,1
侵略扩张,1
胜利,1
协会,1
导向,1
张学良,1
工业化,1
深入人心,1
网结,1
抽象劳动,1
笼子,1
耕种,1
共创,1
建成,1
纳入,1
包围,1
挑起,1
一起,1
创造性,1
复苏,1
补齐,1
21.5,1
进入,1
勇气,1
需要,1
共同理想,1
社会关系,1
前行,1
完备,1
重视,1
板门店,1
相同,1
原因,1
遗留,1
占据,1
重点难点,1
时机,1
供需,1
国营经济,1
支付,1
人文,1
领导人,1
而成,1
进口,1
拒绝,1
权利,1
上海,1
旅游,1
劳动者,1
状况,1
宗教信仰,1
减少,1
心态,1
收益,1
议题,1
经历,1
效果,1
新机制,1
压倒性,1
耕地,1
沿海,1
设计,1
榨取,1
规定,1
差异性,1
地域,1
颠倒,1
转化,1
事先,1
均等,1
教派,1
再配,1
稳定性,1
更具,1
政协委员,1
有意识,1
演化,1
解决,1
统一战线,1
前提,1
正义性,1
最终目标,1
弱项,1
失业率,1
激发,1
讨论,1
话语权,1
他人,1
代替,1
体制改革,1
涉外,1
监事会,1
激励,1
一脉相承,1
种种,1
特性,1
客观事物,1
根本宗旨,1
参政议政,1
出兵,1
逆差,1
会议,1
使命,1
操纵,1
精品,1
认清,1
冲击,1
权力,1
社会交往,1
苏俄,1
半封建社会,1
共同体,1
唯一标准,1
履行,1
之分,1
半殖民地,1
决战,1
单纯,1
统治集团,1
防范,1
小康社会,1
封建制度,1
不能,1
弘扬,1
构成,1
票决,1
割据,1
体力劳动,1
低价,1
科学实验,1
功能,1
认为,1
地主阶级,1
赞成,1
武器,1
秩序,1
基因,1
疏导,1
空间,1
现象,1
宗派主义,1
迎合,1
通报制度,1
有限,1
集成,1
大陆,1
统筹,1
数字,1
大众化,1
援助,1
广泛传播,1
经济体制,1
寻求,1
粤港澳,1
以和为贵,1
归根到底,1
降低,1
起点,1
剥削制度,1
五矿,1
外国人,1
人民军队,1
特权,1
国民素质,1
爱护公物,1
遇到,1
优质,1
周边,1
欧洲,1
起源,1
决策,1
列强,1
具体劳动,1
大体上,1
自主,1
不愿,1
主导力量,1
把握,1
构造,1
风险,1
血缘,1
研发,1
游戏规则,1
高质量,1
跨越式,1
同等,1
发展中国家,1
行动指南,1
人工智能,1
租界,1
学科建设,1
引擎,1
远大理想,1
阻碍,1
各国,1
积极,1
民族区域,1
鲜明,1
同情,1
顽固派,1
更优越,1
海员,1
合乎,1
亟待,1
恐怖主义,1
初步,1
有法可依,1
大革命,1
经济社会,1
反映,1
持续,1
受益者,1
不结盟,1
往往,1
根本途径,1
家族,1
齐心协力,1
便利化,1
生产工具,1
政治路线,1
批评,1
隐蔽,1
惊人,1
增量,1
联盟,1
上升,1
实事求是,1
东盟国家,1
畅通,1
谋求,1
种粮,1
产能,1
缺乏,1
全人类,1
主导作用,1
平均利润,1
董事长,1
关于,1
北洋军阀,1
高端,1
改革开放,1
提到,1
台独,1
价值尺度,1
开发利用,1
全面实现,1
发展趋势,1
人生,1
中介,1
一致,1
受到,1
城乡经济,1
各部,1
配额,1
一补,1
立法,1
专制制度,1
加征,1
指导方针,1
角色,1
补短,1
造成,1
自留地,1
提倡,1
少数,1
配置,1
专门,1
前途,1
躬行实践,1
俄罗斯,1
命题,1
成本,1
拥有,1
霸权,1
有关,1
思想路线,1
唯一性,1
职责,1
模式,1
自然资源,1
创新性,1
总和,1
演变,1
隔离,1
一部分,1
纪念活动,1
得以,1
主产区,1
觉醒,1
秋收起义,1
普遍规律,1
偶然性,1
比重,1
多种,1
人口素质,1
山东,1
错误,1
严格执法,1
干涉,1
发达国家,1
放弃,1
测试,1
时代化,1
对象,1
蚕食,1
冷战,1
制度化,1
频繁,1
原始,1
传统节日,1
私有制,1
生物,1
是非,1
人民大众,1
自然辩证法,1
西学,1
人民政协,1
现状,1
自立自强,1
本原,1
孝老爱亲,1
一降,1
仁爱,1
读物,1
倾向,1
揭开,1
采纳,1
有利于,1
竞争性,1
人民代表,1
主导地位,1
争夺,1
人与自然,1
宣传教育,1
低层次,1
当代史,1
产生,1
北京,1
淬炼,1
持股,1
成员,1
第二步,1
保障机制,1
哲学,1
对抗,1
相持,1
保持,1
基本国情,1
指示,1
经济基础,1
彻底性,1
循环往复,1
防御,1
一体化,1
中国共产党,1
股份,1
求同存异,1
客观实在,1
网上,1
享乐主义,1
顶层,1
只是,1
北斗,1
带有,1
深刻,1
以前,1
国民经济,1
全球卫星,1
固有,1
政府职能,1
适用,1
生产力,1
用地,1
总量,1
生态环境,1
常态,1
劳动报酬,1
手机,1
团结合作,1
关心群众,1
定型,1
分裂,1
高价,1
分工,1
超常,1
产物,1
集体,1
任意,1
一成不变,1
边疆地区,1
一定,1
环保,1
艰苦奋斗,1
充分发挥,1
暗物质,1
影响力,1
签署,1
零的突破,1
注意,1
范围,1
必要性,1
行使,1
强调,1
步骤,1
近代,1
依托,1
交锋,1
当时,1
富余,1
繁荣,1
迈上,1
伊朗核,1
夸大,1
携手,1
丧失,1
顺应,1
执法必严,1
合理,1
门内,1
打造,1
交叉,1
杠杆,1
整顿作风,1
三去,1
计算出来,1
可有可无,1
第三种,1
雇佣劳动,1
决心,1
导弹,1
某些,1
起着,1
有着,1
相互尊重,1
物质财富,1
必然,1
职工,1
帝制,1
行会,1
邻国,1
复杂,1
实际上,1
法制,1
价值规律,1
杨虎城,1
资本输出,1
外交部长,1
和平,1
太空站,1
通过,1
价值观,1
全球性,1
使得,1
民主监督,1
违约,1
行为规范,1
交换,1
剥夺,1
联想,1
人物,1
论述,1
重复,1
科学分析,1
事物本质,1
未知,1
自然界,1
民众,1
背景,1
面临,1
贮藏,1
日本,1
聚集,1
管理体制,1
壮大,1
充当,1
过渡,1
复兴,1
集中力量,1
精兵简政,1
民主协商,1
双赢,1
首先,1
统治阶级,1
效应,1
运动,1
实验室,1
效率,1
规律性,1
知行合一,1
布局,1
京汉铁路,1
等价物,1
共识,1
君权神授,1
根据地,1
文风,1
越强,1
大团结,1
关怀,1
市场主体,1
见义勇为,1
内战,1
能量,1
协议,1
正义者,1
健康,1
商讨,1
打退,1
同盟,1
客观存在,1
更高,1
一边倒,1
全国,1
干扰,1
区间,1
关进,1
深入开展,1
股东大会,1
包含,1
义务人,1
化解,1
左倾,1
北伐战争,1
深化改革,1
观念,1
仍然,1
取决于,1
上层建筑,1
包容,1
至关重要,1
基本特征,1
税收,1
产学研,1
相似性,1
党风,1
人伦,1
理想信念,1
金融危机,1
衰落,1
开滦,1
全球战略,1
互利,1
没收,1
变动,1
命脉,1
游客,1
规格,1
提供,1
尊崇,1
大湾,1
长治久安,1
信息技术,1
侵占,1
低于,1
新台阶,1
真理性,1
向前,1
活跃分子,1
结伴,1
获取,1
礼遇,1
结构性,1
超过,1
开国,1
乡镇企业,1
基础性,1
总统,1
难题,1
虚拟,1
接受,1
廊道,1
反封建,1
鄂粤赣,1
重大,1
忧患意识,1
银行,1
高速,1
至高无上,1
入市,1
支配,1
对华,1
明确提出,1
助人为乐,1
宣战,1
